{
    "0": {
        "Color": [
            0.797468313481001,
            0.5556275672267632
        ],
        "Posterize": [
            0.025075812583827004,
            0.8699738428352477
        ]
    },
    "1": {
        "Color": [
            0.7938097376873995,
            0.5992980643774001
        ],
        "AutoContrast": [
            0.006232793342528575,
            "None"
        ]
    },
    "2": {
        "Color": [
            0.5649021346518339,
            0.5632766850975868
        ],
        "ShearY": [
            0.1315145567001334,
            0.4791875946042543
        ]
    },
    "3": {
        "Brightness": [
            0.6010457015556676,
            0.47381544950817717
        ],
        "Posterize": [
            0.1704873120413397,
            0.5667887382985128
        ]
    },
    "4": {
        "Color": [
            0.8041526525001317,
            0.6009638778447638
        ],
        "AutoContrast": [
            0.0015948598180215087,
            "None"
        ]
    },
    "5": {
        "Sharpness": [
            0.46791902852905065,
            0.44053263819774285
        ],
        "Brightness": [
            0.21929300518217637,
            0.6353764985168432
        ]
    },
    "6": {
        "Color": [
            0.0066004637588598335,
            0.2662520838766921
        ],
        "ShearY": [
            0.03283429541635785,
            0.5706507143236287
        ]
    },
    "7": {
        "Color": [
            0.7145340709867531,
            0.5402257764599346
        ],
        "AutoContrast": [
            0.003220646882682199,
            "None"
        ]
    },
    "8": {
        "Contrast": [
            0.005317727928960625,
            0.09903358425212516
        ],
        "Posterize": [
            0.04867405159703203,
            0.7896833461948576
        ]
    },
    "9": {
        "Brightness": [
            0.17356519748449734,
            0.5332914705664924
        ],
        "Posterize": [
            0.14568784391183423,
            0.6748127844847458
        ]
    },
    "10": {
        "Color": [
            0.10696211967372102,
            0.4247129967705556
        ],
        "AutoContrast": [
            0.002732871818077784,
            "None"
        ]
    },
    "11": {
        "Color": [
            0.029722558453624856,
            0.4314293679093837
        ],
        "AutoContrast": [
            0.004992744525679944,
            "None"
        ]
    },
    "12": {
        "Color": [
            0.21618304549288547,
            0.2800370843604768
        ],
        "Posterize": [
            0.07674220710343482,
            0.42471288231216087
        ]
    },
    "13": {
        "Sharpness": [
            0.15951139501229772,
            0.3664886936094235
        ],
        "AutoContrast": [
            0.09761443687376747,
            "None"
        ]
    },
    "14": {
        "AutoContrast": [
            0.08814820517190328,
            "None"
        ],
        "Brightness": [
            0.021658346023544883,
            0.3991372523753115
        ]
    },
    "15": {
        "Color": [
            0.05371542142403897,
            0.4243949926249167
        ],
        "AutoContrast": [
            0.01929629153915132,
            "None"
        ]
    },
    "16": {
        "Color": [
            0.14678125457001331,
            0.5597504875983252
        ],
        "AutoContrast": [
            0.088795127487851,
            "None"
        ]
    },
    "17": {
        "Color": [
            0.11176340522457151,
            0.4394816136069576
        ],
        "AutoContrast": [
            0.00906535202223982,
            "None"
        ]
    },
    "18": {
        "Color": [
            0.4384410355450573,
            0.4516091468870928
        ],
        "Posterize": [
            0.7083546115778317,
            0.8656445592832224
        ]
    },
    "19": {
        "Color": [
            0.20576415482280763,
            0.7748416808259475
        ],
        "AutoContrast": [
            0.20790770390861069,
            "None"
        ]
    },
    "20": {
        "Brightness": [
            0.12428096783364478,
            0.49382256672134744
        ],
        "Posterize": [
            0.37798070278061047,
            0.7139080724331858
        ]
    },
    "21": {
        "ShearY": [
            0.008414312305770888,
            0.4302062758128663
        ],
        "Contrast": [
            0.4309303733775199,
            0.5311763037082078
        ]
    },
    "22": {
        "Sharpness": [
            0.5826141663240054,
            0.6142171593512179
        ],
        "Posterize": [
            0.5782917926818743,
            0.9891670604796261
        ]
    },
    "23": {
        "Sharpness": [
            0.5402194770649852,
            0.4732082601274915
        ],
        "Posterize": [
            0.45465955410369124,
            0.9496671693233536
        ]
    },
    "24": {
        "Color": [
            0.0959093455271049,
            0.5779019354144482
        ],
        "Posterize": [
            0.3672920267032575,
            0.5735474374404373
        ]
    },
    "25": {
        "Color": [
            0.23878050649930382,
            0.5827765871013781
        ],
        "Posterize": [
            0.45724030045259406,
            0.5288829454645085
        ]
    },
    "26": {
        "Color": [
            0.06651794182772508,
            0.5511810941497126
        ],
        "Posterize": [
            0.3084650054662578,
            0.581745090443062
        ]
    },
    "27": {
        "Color": [
            0.06343405774544736,
            0.529245236226556
        ],
        "Posterize": [
            0.3107498180646504,
            0.5719981455160155
        ]
    },
    "28": {
        "Rotate": [
            0.30405994643723067,
            0.5019895384291158
        ],
        "Brightness": [
            0.14119634154651417,
            0.5400237104171992
        ]
    },
    "29": {
        "Color": [
            0.05709254329407889,
            0.40556759210538645
        ],
        "Posterize": [
            0.28154242814554165,
            0.614004195212164
        ]
    },
    "30": {
        "Color": [
            0.5392382174660025,
            0.6377164710777591
        ],
        "Posterize": [
            0.4487921084484524,
            0.5581448195762795
        ]
    },
    "31": {
        "Color": [
            0.48863159343721263,
            0.6102265915699923
        ],
        "Posterize": [
            0.47593448506305713,
            0.7127516229861408
        ]
    },
    "32": {
        "Color": [
            0.4560580160988302,
            0.6304014710969679
        ],
        "Posterize": [
            0.43624021589218287,
            0.5575819395347279
        ]
    },
    "33": {
        "Color": [
            0.9451816984772096,
            0.82817897956276
        ],
        "Posterize": [
            0.3545058128709283,
            0.6430837755103525
        ]
    },
    "34": {
        "Color": [
            0.4467452148473987,
            0.6029695012812941
        ],
        "Sharpness": [
            0.02087884790369099,
            0.5500551829384746
        ]
    },
    "35": {
        "Color": [
            0.552095868931936,
            0.5669748542072623
        ],
        "Sharpness": [
            0.33731300971202793,
            0.6148435106622208
        ]
    },
    "36": {
        "Color": [
            0.6264387847726525,
            0.8286812678940306
        ],
        "Posterize": [
            0.40428548629577576,
            0.6473605674260715
        ]
    },
    "37": {
        "Color": [
            0.7992233673954823,
            0.7509908007387536
        ],
        "Posterize": [
            0.3755009115438198,
            0.6302059995389575
        ]
    },
    "38": {
        "Color": [
            0.8482979975518004,
            0.5380802008876547
        ],